D_rhea_hDNA D_rhea_H1_hDNA D_rhea_H1_hDNA_COI D_rhea_H1_hDNA_CYTB
D_tritaeniatus_hDNA D_tritaeniatus_hDNA_H1 D_tritaeniatus_hDNA_COI D_tritaeniatus_H1_hDNA_CYTB
D_gryllatus_hDNA D_gryllatus_hDNA_H1

D_acreanus 2686_acreanus D_acreanus
D_aff_minutus 4035_minutus_PARNAAM_PA
D_anataliasiasi_1 2642_anataliasiasi
D_anataliasiasi_2 4218_anataliasiasi
D_anataliasiasi_3 anataliasiasi_ON561790
D_anataliasiasi_4 anataliasiasi_ON561797
D_anataliasiasi_5 anataliasiasi_ON561807
D_anataliasiasi_6 anataliasiasi_ON561818
D_anataliasiasi_7 anataliasiasi_MK919543
D_anceps_1 4193_anceps_Cacapava_SP
D_anceps_2 4201_anceps_Linhares
D_anceps_3* anceps_GB D_anceps
D_aperomeus aperomeus_AY819450_AY819549
D_araguaya_I_1 4210_araguaya
D_araguaya_I_2 2631_araguaya_AlTaquari_MT
D_araguaya_II_1 2044_anataliasiasi
D_araguaya_II_2 2659_araguaya_top
D_araguaya_II_3 araguaya_ON561811
D_berthalutzae_1 2878_berthalutzae_IlhaBela_SP
D_berthalutzae_2* 4086_berthalutzae_top D_berthalutzae
D_berthalutzae_GB berthalutzae_GB
D_bifurcus bifurcus_DQ380350_AY362975
D_bilobatus_1 bilobatus_MN977837
D_bilobatus_2 bilobatus_MN977836
D_bipunctatus_1_M 2883_bipunctatus_Aurelino_BA D_bipunctatus
D_bipunctatus_2 bipunctatus_GB
D_bogerti_1 2787_bogerti
D_bogerti_2 2911_bogerti
D_bokermanni_1 4094_bokermanni_col
D_bokermanni_2 4099_bokermanni_col
D_branneri_1 2572_branneri_Aurelino_BA
D_branneri_2_M 2864_branneri_Aurelino_BA D_branneri
D_brevifrons_1 4016_brevifrons_AC
D_brevifrons_2 brevifrons_GB
D_cachimbo_1 2643_cachimbo
D_cachimbo_2 4202_gr_rubicundulus_Chp_Guim_MT
D_carnifex* carnifex_GB D_carnifex
D_cerradensis_1 4212_cerradensis
D_cerradensis_2 4221_cerradensis
D_cf_goughi cf_goughi
D_coffea 1628_coffea
D_columbianus_1 2880_columbianus
D_columbianus_2* 4092_columbianus D_columbianus
D_cruzi 4100_cruzi_Anapolis_GO
D_decipiens_I_M 2915_decipiens_Sero_RJ D_decipiens
D_decipiens_II 2174_decipiens
D_decipiens_III_1 2626_haddadi_Aurelino_BA
D_decipiens_III_2 4205_haddadi_Camacan_BA
D_decipiens_IV_1 1838_meridianus
D_decipiens_IV_2 2487_sp
D_decipiens_VIII 4509_amarelinho
D_decipiens_V_1 4194_chicoanisioi
D_decipiens_V_2 4207_chicoanisioi
D_decipiens_VI_1 2468_sp
D_decipiens_VI_2 4203_decipiens_Vicosa_MG
D_decipiens_VII 4219_haddadi_Jequie_BA
D_delarivai delarivai
D_dutrai 2324_dutrai D_dutrai
D_ebraccatus_1 2979_ebraccatus
D_ebraccatus_2 ebraccatus_GB
D_elegans 4199_elegans_Vicosa_MG D_elegans
D_elegans_I_2 elegans_GB
D_elegans_II_1 2874_elegans_Sooretama_ES
D_elegans_II_2 4076_elegans_Itabaiana_SE
D_elianeae_1 1822_elianeae_itap_SP
D_elianeae_2_M 2794_elianeae_Aricozal_MT D_elianeae
D_elianae_3 rubicundulus_GB
D_elianae_4 elianae_JF790046
D_elianae_5 elianae_ON561787
D_elianae_6 elianae_ON561808
D_elianae_7 elianae_MK919553
D_elianae_8 elianae_MK919555
D_frosti 4364_sp_Santiago
D_garagoensis_1 4089_garagoensis
D_garagoensis_2 4097_garagoensis
D_gaucheri_1 4352_gaucheri
D_gaucheri_2 4355_gaucheri
D_giesleri_1 2100_cf_giesleri_Tapirai_SP
D_giesleri_2 2169_sp_gr_parviceps
D_giesleri_3 giesleri_GB
D_haddadi_1 2944_haddadi_Vitoria_ES
D_haddadi_2* 4037_decipiens_Prado_BA D_haddadi
D_haddadi_3 4513_haddadi_top
D_haraldschultzi_1 4372_haraldschultzi
D_haraldschultzi_2* 4413_haraldschultzi D_haraldschultzi
D_jimi_M 2988_jimi_top D_jimi
D_jimi_1 2795_jimi_Itirapina_SP
D_jimi_2 2868_cf_jimi_3lagoas_MS
D_jimi_3 jimi_MH206245
D_joannae 2960_joannae_CrzSul_AC
D_juliani_1 1801_juliani_par
D_juliani_2 1802_juliani_par
D_juliani_A juliani_JF790053
D_juliani_A_2 juliani_JX187447
D_koechlini 4358_koechlini_PE
D_labialis_1_M labialis_GB D_labialis
D_labialis_2 labialis_CG_GB
D_leali_1 4384_leali
D_leali_2 4386_leali
D_leucophyllatus_1 477_leucophyllatus
D_leucophyllatus_2_Tab leuco_Tab
D_luddeckei_1 4374_labialis
D_luddeckei_2 luddeckei_GB
D_luteoocelatus 3113_luteoocelatus
D_manonegra_1 4087_manonegra
D_manonegra_2 4423_manonegra
D_marmoratus_1_M 2871_marmo_Juruti_PA D_marmoratus
D_marmoratus_2 2981_marmo_Itapinima_AM
D_marmoratus_3 marmoratus_GB
D_mathiassoni_1 4091_minusculus_col
D_mathiassoni_2 4098_minusculus_col
D_melanargyreus_1 1622_melanargyreus_Bol
D_melanargyreus_2 2396_mel_Jauru_MT
D_melanargyreus_3 2415_mel_Jauru_MT
D_melanargyreus_4 4074_mel_VilaRica_MT D_melanargyreus
D_meridensis meridensis_GB
D_meridianus_1* 2647_meridianus_top D_meridianus
D_meridianus_2 4088_meridianus_top
D_microcephalus_1 2789_microcephalus_CO
D_microcephalus_2 microcephalus_GB
D_microps_1 2026_microps_Iporanga_SP
D_microps_2* 4356_microps D_microps
D_minusculus_1 2788_cf_microcephalus_Ubajara_CE
D_minusculus_2 4192_tremembe
D_minusculus_3 4403_minusculus_RR
D_minutus_I_M D_minutus 4085_minutus_Maromba_RJ
D_minutus_II minuta_GB_11
D_minutus_III_1 4057_minutus_Alcantara_MA
D_miyatai miyatai_GB
D_nahdereri_1 1835_nahdereri
D_nahdereri_2* 2355_nahdereri D_nahdereri
D_nanus_1 4068_nanus D_nanus
D_nanus_2 nanus_GB
D_norandinus_1 2687_nor
D_norandinus_2 2793_nor
D_novaisi_1* 2335_novaisi D_novaisi
D_novaisi_2 2983_sen_Jussari_BA
D_novaisi_3 4503_novaisi
D_oliveirai_2 4022_oliverai_TimbauSul_RN
D_oliveirai_1* 2481_oliverai_top D_oliverai D_oliveirai
D_ozzyi_1 2994_sp1_Pau-Rosa_AM 2994_sp1_PauRosa_AM 2994_sp1_Pau_Rosa_AM
D_ozzyi_2 3000_sp1_Pau-Rosa_AM 3000_sp1_PauRosa_AM 3000_sp1_Pau_Rosa_AM
D_padreluna 2693_padreluna
D_parviceps_1 2692_parviceps_CO
D_parviceps_2* parviceps_GB D_parviceps
D_pauiniensis_1 4018_koechlini_AC
D_pseudomeridianus_1 2645_pseudomeridianus_top
D_pseudomeridianus_2 2646_decipiens
D_reicheli_1 1803_reicheli_par
D_reicheli_2 1804_reicheli_par
D_rhodopeplus_1_M 2909_rhodopeplus D_rhodopeplus
D_rhodopeplus_2 rhodopeplus_GB
D_riveroi_M 4365_riveroi D_riveroi
D_robertmertensi 4393_robertmertensi
D_rossalleni_1 4161_rossalleni
D_rossalleni_2 4409_rossalleni
D_rozenmani_1 4415_walfordi
D_rozenmani_2 4417_walfordi
D_rozenmani_3 rozenmani_JF790112
D_rozenmani_4 rozenmani_JF790113
D_rozenmani_5 rozenmani_JF790114
D_rozenmani_6 rozenmani_JF790115
D_rubicundulus_1 1824_cf_rubi_SJdAlianca_GO
D_rubicundulus_2 4003_rubicundulus_top
D_rubicundulus_3 rubicundulus_ON561789
D_rubicundulus_4 rubicundulus_ON561800
D_rubicundulus_5 rubicundulus_ON561817
D_rubicundulus_6 rubicundulus_ON561806
D_rubicundulus_7 rubicundulus_ON561813
D_rubicundulus_8 rubicundulus_ON561799
D_rubicundulus_9 rubicundulus_ON561802
D_rubicundulus_10 rubicundulus_ON561794
D_rubicundulus_11 rubicundulus_ON561796
D_rubicundulus_12 rubicundulus_ON561801
D_rubicundulus_13 rubicundulus_MK919557
D_rubicundulus_14 rubicundulus_ON561791
D_rubicundulus_15 rubicundulus_ON561805
D_rubicundulus_16 rubicundulus_ON561803
D_rubicundulus_17 rubicundulus_ON561793
D_rubicundulus_18 rubicundulus_ON561820
D_ruschii_1_M 1839_ruschii D_ruschii
D_ruschii_2 4399_ruschii
D_salli_1 salli_AY362976_1216S
D_salli_2 D_salli_MJ1281_JF790045
D_sanborni_1 2925_sanborni_Itape_SP
D_sanborni_2_M sanborni_GB D_sanborni
D_sanborni_3 sanborni_KU517290
D_sanborni_4 sanborni_KU517293
D_sanborni_5 sanborni_MT460220
D_sarayacuensis_1 4014_sarayacuensis_AC
D_sarayacuensis_2 sarayacuensis_GB
D_sartori_1 2228_sartori
D_sartori_2 sartori_GB
D_schubarti_1 4388_schubarti
D_schubarti_2 4397_schubarti
D_seniculus_1 2318_sen_Catas_MG
D_seniculus_2* 2574_sen_Citrolandia_RJ D_seniculus
D_seniculus_3 seniculus_GB
D_shiwiarum_3 2962_cf_tintinnabulum
D_shiwiarum_1 4382_riveroi
D_shiwiarum_2 4395_riveroi
D_soaresi_1 2343_soaresi_Ubajara_CE
D_soaresi_2 2474_soa_Campo_Alegre_AL
D_soaresi_3* 4002_soa_Minacu_GO D_soaresi
D_sp.ARB_2011 D_sp.ARB-2011_MJ1309_JF790110 D_sp.ARB2011_MJ1309_JF790110 D_sp.ARB_2011_MJ1309_JF790110
D_stingi_1 4090_stingi_top
D_stingi_2 4093_minutus_col
D_stingi_3 4096_stingi_top
D_subocularis 2913_subocularis
D_timbeba_1* 4379_allenorum D_timbeba
D_timbeba_2 4391_allenorum
D_triangulum_1_M triangulum_GB D_triangulum
D_triangulum_2_Tab triangulum_Tab
D_cf_tritaeniatus_1 tritaeniatus_ON561792
D_cf_tritaeniatus_2 tritaeniatus_ON561809
D_cf_tritaeniatus_3 tritaeniatus_ON561810
D_cf_tritaeniatus_4 tritaeniatus_ON561812
D_virolinensis* 2690_virolinensis D_virolinensis
D_walfordi walfordi_GB
D_werneri_1 1488_werneri_Peruibe_SP
D_werneri_2 4208_werneri
D_xapuriensis 1633_xapuriensis
D_xapuriensis_2 4012_cf_xapuriensis
D_yaracuyanus 1638_yaracuyanus
Itapotihyla_langsdorffi_1 4428_I_langsdorffii
Itapotihyla_langsdorffi_2 I_langsdorffii_GB
Lysapus_laevis_1 4405_L_laevis
Lysapus_laevis_2* L_laevis_GB L_limellum
Phyllodytes_luteolous_M P_luteolous_GB Ph_luteolus
Pseudis_minutus_M 4195_P_minutus P_minuta
Scarthyla_goinorum_1 4023_Sca_goinorum
Scarthyla_goinorum_2* Sca_goinorum_GB Scarthyla_goinorum
Scinax_berthae_M Sci_berthae_GB S_berthae
Scinax_fuscovarius* Sci_fuscovarius_GB S_fuscovarius
Scinax_littoralis* 1517 2053 S_littoralis
Scinax_perereca_M 6 4332 S_perereca
Sphaenorhynchus_dorisae* Sph_dorisae_GB Sp_prasinus
Sphaenorhynchus_lacteus_M Sph_lacteus_GB Sp_lacteus
Xenohyla_truncata_1_M 4209_X_truncata Xenohyla_truncata
Xenohyla_truncata_2 X_truncata_GB
Sphaenorhynchus_pauloalvini_M Sp_pauloalvini 2403
D_studerae_1 4631
D_studerae_2 4632
Xenohyla_eugenioi_1 4812
Xenohyla_eugenioi_2 4813
D_praestans JD_026_2013_D.praestans
